{
    "accuracy": 0.7974443918599148,
    "precision": 0.6595238095238095,
    "recall": 0.4928825622775801,
    "auc": 0.8450374112901561
}