{
    "accuracy": 0.7340274491244676,
    "precision": 0.0,
    "recall": 0.0,
    "auc": 0.6976465648382056
}