{
    "accuracy": 0.808374733853797,
    "precision": 0.6690909090909091,
    "recall": 0.5068870523415978,
    "auc": 0.8505483305153043
}