{
    "accuracy": 0.7875059157595835,
    "precision": 0.6482939632545932,
    "recall": 0.4395017793594306,
    "auc": 0.8192131812560373
}