{
    "accuracy": 0.7600567912920019,
    "precision": 0.7619047619047619,
    "recall": 0.1423487544483986,
    "auc": 0.8301382875472374
}